YYYY-MM-DDTHH:MM:SS,Scan,SourceName,ScanType,Receiver,Backend,Frequency,Line,Az,El,PWV
2019-05-10T02:29:49,17975,low,load,ARTEMIS450,BEAR1,666.2,None,-55.4,+36.9,8.73
2019-05-10T02:29:49,17975,low,load,ARTEMIS350,BEAR1,865.55,None,-55.4,+36.9,8.73
2019-05-10T02:31:01,17976,Jupiter,go,ARTEMIS450,BEAR1,666.2,None,+103.5,+30.9,4.63
2019-05-10T02:31:01,17976,Jupiter,go,ARTEMIS350,BEAR1,865.55,None,+103.5,+30.9,4.63
2019-05-10T02:31:34,17977,Jupiter,point,ARTEMIS450,BEAR1,666.2,None,+103.5,+30.9,4.63
2019-05-10T02:31:34,17977,Jupiter,point,ARTEMIS350,BEAR1,865.55,None,+103.5,+30.9,4.63
2019-05-10T02:37:01,17978,Jupiter,point,ARTEMIS450,BEAR1,666.2,None,+103.1,+32.1,5.72
2019-05-10T02:37:01,17978,Jupiter,point,ARTEMIS350,BEAR1,865.55,None,+103.1,+32.1,5.72
2019-05-10T02:40:44,17979,Jupiter,load,ARTEMIS450,BEAR1,666.2,None,+102.9,+33.0,3.76
2019-05-10T02:40:44,17979,Jupiter,load,ARTEMIS350,BEAR1,865.55,None,+102.9,+33.0,3.76
2019-05-10T02:40:58,17980,Jupiter,point,ARTEMIS450,BEAR1,666.2,None,+102.9,+33.0,3.78
2019-05-10T02:40:58,17980,Jupiter,point,ARTEMIS350,BEAR1,865.55,None,+102.9,+33.0,3.78
2019-05-10T02:54:25,17981,Jupiter,load,ARTEMIS450,BEAR1,666.2,None,+102.0,+36.0,4.83
2019-05-10T02:54:25,17981,Jupiter,load,ARTEMIS350,BEAR1,865.55,None,+102.0,+36.0,4.83
2019-05-10T02:57:15,17982,Jupiter,point,ARTEMIS450,BEAR1,666.2,None,+101.8,+36.7,6.04
2019-05-10T02:57:15,17982,Jupiter,point,ARTEMIS350,BEAR1,865.55,None,+101.8,+36.7,6.04
2019-05-10T13:50:04,18178,Neptune,go,ARTEMIS450,BEAR1,666.2,None,-48.3,+65.1,5.11
2019-05-10T13:50:04,18178,Neptune,go,ARTEMIS350,BEAR1,865.55,None,-48.3,+65.1,5.11
2019-05-10T13:50:37,18179,Neptune,raster,ARTEMIS450,BEAR1,666.2,None,-48.3,+65.1,7.41
2019-05-10T13:50:37,18179,Neptune,raster,ARTEMIS350,BEAR1,865.55,None,-48.3,+65.1,7.41
2019-05-10T13:51:29,18180,Neptune,raster,ARTEMIS450,BEAR1,666.2,None,-48.7,+65.0,7.41
2019-05-10T13:51:29,18180,Neptune,raster,ARTEMIS350,BEAR1,865.55,None,-48.7,+65.0,7.41
2019-05-10T13:57:53,18181,Neptune,Z-Focus,ARTEMIS450,BEAR1,666.2,None,-51.3,+63.8,7.89
2019-05-10T13:57:53,18181,Neptune,Z-Focus,ARTEMIS350,BEAR1,865.55,None,-51.3,+63.8,7.89
2019-05-10T14:01:33,18182,Saturn,raster,ARTEMIS450,BEAR1,666.2,None,-106.3,+18.1,5.74
2019-05-10T14:01:33,18182,Saturn,raster,ARTEMIS350,BEAR1,865.55,None,-106.3,+18.1,5.74
2019-05-10T14:05:14,18183,SKYDIP,skydip,ARTEMIS450,BEAR1,666.2,None,-100.0,+81.9,7.57
2019-05-10T14:05:14,18183,SKYDIP,skydip,ARTEMIS350,BEAR1,865.55,None,-100.0,+81.9,7.57
2019-05-10T14:10:33,18184,Neptune,raster,ARTEMIS450,BEAR1,666.2,None,-56.0,+61.4,5.91
2019-05-10T14:10:33,18184,Neptune,raster,ARTEMIS350,BEAR1,865.55,None,-56.0,+61.4,5.91
2019-05-11T08:29:55,18327,Jupiter,go,ARTEMIS450,BEAR1,666.2,None,-94.3,+65.8,1.04
2019-05-11T08:29:55,18327,Jupiter,go,ARTEMIS350,BEAR1,865.55,None,-94.3,+65.8,1.04
2019-05-11T08:30:04,18328,Jupiter,point,ARTEMIS450,BEAR1,666.2,None,-94.3,+65.8,1.04
2019-05-11T08:30:04,18328,Jupiter,point,ARTEMIS350,BEAR1,865.55,None,-94.3,+65.8,1.04
2019-05-11T08:37:11,18329,Jupiter,point,ARTEMIS450,BEAR1,666.2,None,-94.7,+64.2,1.06
2019-05-11T08:37:11,18329,Jupiter,point,ARTEMIS350,BEAR1,865.55,None,-94.7,+64.2,1.06
2019-05-11T08:42:41,18330,Jupiter,point,ARTEMIS450,BEAR1,666.2,None,-95.0,+62.9,0.96
2019-05-11T08:42:41,18330,Jupiter,point,ARTEMIS350,BEAR1,865.55,None,-95.0,+62.9,0.96
2019-05-11T08:43:41,18331,Jupiter,point,ARTEMIS450,BEAR1,666.2,None,-95.1,+62.7,0.97
2019-05-11T08:43:41,18331,Jupiter,point,ARTEMIS350,BEAR1,865.55,None,-95.1,+62.7,0.97
2019-05-11T08:44:49,18332,Jupiter,raster,ARTEMIS450,BEAR1,666.2,None,-95.2,+62.4,0.94
2019-05-11T08:44:49,18332,Jupiter,raster,ARTEMIS350,BEAR1,865.55,None,-95.2,+62.4,0.94
2019-05-11T08:55:53,18333,SKYDIP,skydip,ARTEMIS450,BEAR1,666.2,None,-95.8,+88.2,0.90
2019-05-11T08:55:53,18333,SKYDIP,skydip,ARTEMIS350,BEAR1,865.55,None,-95.8,+88.2,0.90
2019-05-11T10:13:09,18355,Jupiter,load,ARTEMIS450,BEAR1,666.2,None,-74.1,+33.5,0.62
2019-05-11T10:13:09,18355,Jupiter,load,ARTEMIS350,BEAR1,865.55,None,-74.1,+33.5,0.62
2019-05-11T10:13:16,18356,Jupiter,go,ARTEMIS450,BEAR1,666.2,None,-100.3,+42.2,0.62
2019-05-11T10:13:16,18356,Jupiter,go,ARTEMIS350,BEAR1,865.55,None,-100.3,+42.2,0.62
2019-05-11T10:13:29,18357,Jupiter,point,ARTEMIS450,BEAR1,666.2,None,-100.3,+42.2,0.62
2019-05-11T10:13:29,18357,Jupiter,point,ARTEMIS350,BEAR1,865.55,None,-100.3,+42.2,0.62
2019-05-11T10:16:05,18358,Jupiter,point,ARTEMIS450,BEAR1,666.2,None,-100.5,+41.6,0.61
2019-05-11T10:16:05,18358,Jupiter,point,ARTEMIS350,BEAR1,865.55,None,-100.5,+41.6,0.61
2019-05-11T10:16:51,18359,Jupiter,raster,ARTEMIS450,BEAR1,666.2,None,-100.5,+41.4,0.61
2019-05-11T10:16:51,18359,Jupiter,raster,ARTEMIS350,BEAR1,865.55,None,-100.5,+41.4,0.61
2019-05-11T10:21:31,18360,Jupiter,point,ARTEMIS450,BEAR1,666.2,None,-100.8,+40.3,0.64
2019-05-11T10:21:31,18360,Jupiter,point,ARTEMIS350,BEAR1,865.55,None,-100.8,+40.3,0.64
2019-05-11T10:23:11,18361,Jupiter,raster,ARTEMIS450,BEAR1,666.2,None,-100.9,+39.9,0.68
2019-05-11T10:23:11,18361,Jupiter,raster,ARTEMIS350,BEAR1,865.55,None,-100.9,+39.9,0.68
2019-05-11T10:26:50,18362,Jupiter,raster,ARTEMIS450,BEAR1,666.2,None,-101.2,+39.1,0.62
2019-05-11T10:26:50,18362,Jupiter,raster,ARTEMIS350,BEAR1,865.55,None,-101.2,+39.1,0.62
2019-05-11T10:30:38,18363,Jupiter,load,ARTEMIS450,BEAR1,666.2,None,-101.4,+38.3,0.65
2019-05-11T10:30:38,18363,Jupiter,load,ARTEMIS350,BEAR1,865.55,None,-101.4,+38.3,0.65
2019-05-11T10:30:40,18364,Jupiter,point,ARTEMIS450,BEAR1,666.2,None,-101.4,+38.3,0.65
2019-05-11T10:30:40,18364,Jupiter,point,ARTEMIS350,BEAR1,865.55,None,-101.4,+38.3,0.65
2019-05-11T10:32:15,18365,Jupiter,raster,ARTEMIS450,BEAR1,666.2,None,-101.5,+37.9,0.66
2019-05-11T10:32:15,18365,Jupiter,raster,ARTEMIS350,BEAR1,865.55,None,-101.5,+37.9,0.66
2019-05-11T10:36:53,18366,Jupiter,raster,ARTEMIS450,BEAR1,666.2,None,-101.8,+36.8,0.68
2019-05-11T10:36:53,18366,Jupiter,raster,ARTEMIS350,BEAR1,865.55,None,-101.8,+36.8,0.68
2019-05-11T10:39:13,18367,Jupiter,raster,ARTEMIS450,BEAR1,666.2,None,-101.9,+36.3,0.70
2019-05-11T10:39:13,18367,Jupiter,raster,ARTEMIS350,BEAR1,865.55,None,-101.9,+36.3,0.70
2019-05-11T10:42:14,18368,Jupiter,raster,ARTEMIS450,BEAR1,666.2,None,-102.1,+35.6,0.73
2019-05-11T10:42:14,18368,Jupiter,raster,ARTEMIS350,BEAR1,865.55,None,-102.1,+35.6,0.73
2019-05-11T10:46:54,18369,Jupiter,otf,ARTEMIS450,BEAR1,666.2,None,-102.5,+34.6,0.66
2019-05-11T10:46:54,18369,Jupiter,otf,ARTEMIS350,BEAR1,865.55,None,-102.5,+34.6,0.66
2019-05-11T10:59:39,18370,Saturn,otf,ARTEMIS450,BEAR1,666.2,None,-94.1,+58.4,0.77
2019-05-11T10:59:39,18370,Saturn,otf,ARTEMIS350,BEAR1,865.55,None,-94.1,+58.4,0.77
2019-05-11T11:13:18,18371,SKYDIP,skydip,ARTEMIS450,BEAR1,666.2,None,-94.9,+81.9,0.81
2019-05-11T11:13:18,18371,SKYDIP,skydip,ARTEMIS350,BEAR1,865.55,None,-94.9,+81.9,0.81
2019-05-11T13:11:07,18406,Saturn,go,ARTEMIS450,BEAR1,666.2,None,-102.9,+28.5,0.79
2019-05-11T13:11:07,18406,Saturn,go,ARTEMIS350,BEAR1,865.55,None,-102.9,+28.5,0.79
2019-05-11T13:11:24,18407,Saturn,point,ARTEMIS450,BEAR1,666.2,None,-102.9,+28.4,0.79
2019-05-11T13:11:24,18407,Saturn,point,ARTEMIS350,BEAR1,865.55,None,-102.9,+28.4,0.79
2019-05-11T13:13:57,18408,Saturn,raster,ARTEMIS450,BEAR1,666.2,None,-103.1,+27.9,0.91
2019-05-11T13:13:57,18408,Saturn,raster,ARTEMIS350,BEAR1,865.55,None,-103.1,+27.9,0.91
2019-05-11T13:16:23,18409,Saturn,raster,ARTEMIS450,BEAR1,666.2,None,-103.3,+27.3,0.85
2019-05-11T13:16:23,18409,Saturn,raster,ARTEMIS350,BEAR1,865.55,None,-103.3,+27.3,0.85
2019-05-11T13:31:20,18410,Saturn,otf,ARTEMIS450,BEAR1,666.2,None,-104.4,+23.9,0.83
2019-05-11T13:31:20,18410,Saturn,otf,ARTEMIS350,BEAR1,865.55,None,-104.4,+23.9,0.83
2019-05-11T13:52:28,18411,Neptune,otf,ARTEMIS450,BEAR1,666.2,None,-50.9,+64.1,0.97
2019-05-11T13:52:28,18411,Neptune,otf,ARTEMIS350,BEAR1,865.55,None,-50.9,+64.1,0.97
2019-05-11T14:13:41,18412,Neptune,raster,ARTEMIS450,BEAR1,666.2,None,-58.1,+60.1,0.93
2019-05-11T14:13:41,18412,Neptune,raster,ARTEMIS350,BEAR1,865.55,None,-58.1,+60.1,0.93
2019-05-11T14:17:18,18413,2park,go,ARTEMIS450,BEAR1,666.2,None,-60.0,+80.0,0.87
2019-05-11T14:17:18,18413,2park,go,ARTEMIS350,BEAR1,865.55,None,-60.0,+80.0,0.87
2019-05-11T14:17:44,18414,2park,go,ARTEMIS450,BEAR1,666.2,None,+180.0,+80.0,1.02
2019-05-11T14:17:44,18414,2park,go,ARTEMIS350,BEAR1,865.55,None,+180.0,+80.0,1.02
2019-05-12T01:57:57,18520,Moon,go,ARTEMIS450,BEAR1,666.2,None,-53.0,+28.6,0.36
2019-05-12T01:57:57,18520,Moon,go,ARTEMIS350,BEAR1,865.55,None,-53.0,+28.6,0.36
2019-05-12T01:58:25,18521,Jupiter,go,ARTEMIS450,BEAR1,666.2,None,+105.1,+25.5,0.37
2019-05-12T01:58:25,18521,Jupiter,go,ARTEMIS350,BEAR1,865.55,None,+105.1,+25.5,0.37
2019-05-12T01:58:59,18522,Jupiter,raster,ARTEMIS450,BEAR1,666.2,None,+105.1,+25.5,0.37
2019-05-12T01:58:59,18522,Jupiter,raster,ARTEMIS350,BEAR1,865.55,None,+105.1,+25.5,0.37
2019-05-12T02:04:29,18523,Jupiter,raster,ARTEMIS450,BEAR1,666.2,None,+104.7,+26.8,0.32
2019-05-12T02:04:29,18523,Jupiter,raster,ARTEMIS350,BEAR1,865.55,None,+104.7,+26.8,0.32
2019-05-12T02:13:04,18524,Jupiter,otf,ARTEMIS450,BEAR1,666.2,None,+104.2,+28.8,0.30
2019-05-12T02:13:04,18524,Jupiter,otf,ARTEMIS350,BEAR1,865.55,None,+104.2,+28.8,0.30
2019-05-12T02:17:28,18525,Jupiter,otf,ARTEMIS450,BEAR1,666.2,None,+103.9,+29.7,0.31
2019-05-12T02:17:28,18525,Jupiter,otf,ARTEMIS350,BEAR1,865.55,None,+103.9,+29.7,0.31
2019-05-12T02:17:41,18526,Jupiter,otf,ARTEMIS450,BEAR1,666.2,None,+103.8,+29.8,0.31
2019-05-12T02:17:41,18526,Jupiter,otf,ARTEMIS350,BEAR1,865.55,None,+103.8,+29.8,0.31
2019-05-12T02:38:44,18527,Saturn,raster,ARTEMIS450,BEAR1,666.2,None,+110.1,+7.9,0.28
2019-05-12T02:38:44,18527,Saturn,raster,ARTEMIS350,BEAR1,865.55,None,+110.1,+7.9,0.28
2019-05-12T02:39:21,18528,Jupiter,raster,ARTEMIS450,BEAR1,666.2,None,+110.1,+8.0,0.28
2019-05-12T02:39:21,18528,Jupiter,raster,ARTEMIS350,BEAR1,865.55,None,+110.1,+8.0,0.28
2019-05-12T02:39:37,18529,Jupiter,raster,ARTEMIS450,BEAR1,666.2,None,+102.4,+34.7,0.25
2019-05-12T02:39:37,18529,Jupiter,raster,ARTEMIS350,BEAR1,865.55,None,+102.4,+34.7,0.25
2019-05-12T02:47:58,18530,Jupiter,otf,ARTEMIS450,BEAR1,666.2,None,+101.9,+36.6,0.28
2019-05-12T02:47:58,18530,Jupiter,otf,ARTEMIS350,BEAR1,865.55,None,+101.9,+36.6,0.28
2019-05-12T02:49:08,18531,Jupiter,point,ARTEMIS450,BEAR1,666.2,None,+101.8,+36.7,0.28
2019-05-12T02:49:08,18531,Jupiter,point,ARTEMIS350,BEAR1,865.55,None,+101.8,+36.7,0.28
2019-05-12T02:49:18,18532,Jupiter,point,ARTEMIS450,BEAR1,666.2,None,+101.8,+36.8,0.28
2019-05-12T02:49:18,18532,Jupiter,point,ARTEMIS350,BEAR1,865.55,None,+101.8,+36.8,0.28
2019-05-12T02:51:56,18533,Jupiter,point,ARTEMIS450,BEAR1,666.2,None,+101.6,+37.4,0.29
2019-05-12T02:51:56,18533,Jupiter,point,ARTEMIS350,BEAR1,865.55,None,+101.6,+37.4,0.29
2019-05-12T02:53:20,18534,Jupiter,Z-Focus,ARTEMIS450,BEAR1,666.2,None,+101.5,+37.8,0.29
2019-05-12T02:53:20,18534,Jupiter,Z-Focus,ARTEMIS350,BEAR1,865.55,None,+101.5,+37.8,0.29
2019-05-12T02:57:41,18535,Jupiter,point,ARTEMIS450,BEAR1,666.2,None,+101.3,+38.7,0.27
2019-05-12T02:57:41,18535,Jupiter,point,ARTEMIS350,BEAR1,865.55,None,+101.3,+38.7,0.27
2019-05-12T03:00:39,18536,G10.62,point,ARTEMIS450,BEAR1,666.2,None,+100.8,+29.2,0.26
2019-05-12T03:00:39,18536,G10.62,point,ARTEMIS350,BEAR1,865.55,None,+100.8,+29.2,0.26
2019-05-12T03:04:16,18537,G10.62,point,ARTEMIS450,BEAR1,666.2,None,+100.5,+30.0,0.25
2019-05-12T03:04:16,18537,G10.62,point,ARTEMIS350,BEAR1,865.55,None,+100.5,+30.0,0.25
2019-05-12T03:08:58,18538,G10.62,point,ARTEMIS450,BEAR1,666.2,None,+100.2,+31.0,0.26
2019-05-12T03:08:58,18538,G10.62,point,ARTEMIS350,BEAR1,865.55,None,+100.2,+31.0,0.26
2019-05-12T03:10:33,18539,G10.62,Z-Focus,ARTEMIS450,BEAR1,666.2,None,+100.1,+31.4,0.27
2019-05-12T03:10:33,18539,G10.62,Z-Focus,ARTEMIS350,BEAR1,865.55,None,+100.1,+31.4,0.27
2019-05-12T03:14:16,18540,G10.62,X-Focus,ARTEMIS450,BEAR1,666.2,None,+99.8,+32.2,0.27
2019-05-12T03:14:16,18540,G10.62,X-Focus,ARTEMIS350,BEAR1,865.55,None,+99.8,+32.2,0.27
2019-05-12T03:17:55,18541,G10.62,Y-Focus,ARTEMIS450,BEAR1,666.2,None,+99.5,+33.1,0.27
2019-05-12T03:17:55,18541,G10.62,Y-Focus,ARTEMIS350,BEAR1,865.55,None,+99.5,+33.1,0.27
2019-05-12T03:21:49,18542,G10.62,raster,ARTEMIS450,BEAR1,666.2,None,+99.2,+34.0,0.25
2019-05-12T03:21:49,18542,G10.62,raster,ARTEMIS350,BEAR1,865.55,None,+99.2,+34.0,0.25
2019-05-12T03:26:12,18543,SKYDIP,skydip,ARTEMIS450,BEAR1,666.2,None,+98.9,+81.9,0.25
2019-05-12T03:26:12,18543,SKYDIP,skydip,ARTEMIS350,BEAR1,865.55,None,+98.9,+81.9,0.25
2019-05-12T03:31:00,18544,G5.89,raster,ARTEMIS450,BEAR1,666.2,None,+103.0,+39.2,0.23
2019-05-12T03:31:00,18544,G5.89,raster,ARTEMIS350,BEAR1,865.55,None,+103.0,+39.2,0.23
2019-05-12T03:35:12,18545,SKYDIP,skydip,ARTEMIS450,BEAR1,666.2,None,+102.8,+81.9,0.24
2019-05-12T03:35:12,18545,SKYDIP,skydip,ARTEMIS350,BEAR1,865.55,None,+102.8,+81.9,0.24
2019-05-12T03:39:38,18546,IRAS16293,raster,ARTEMIS450,BEAR1,666.2,None,+99.4,+61.2,0.22
2019-05-12T03:39:38,18546,IRAS16293,raster,ARTEMIS350,BEAR1,865.55,None,+99.4,+61.2,0.22
2019-05-12T03:43:52,18547,SKYDIP,skydip,ARTEMIS450,BEAR1,666.2,None,+99.3,+81.9,0.22
2019-05-12T03:43:52,18547,SKYDIP,skydip,ARTEMIS350,BEAR1,865.55,None,+99.3,+81.9,0.22
2019-05-12T03:48:30,18548,Jupiter,raster,ARTEMIS450,BEAR1,666.2,None,+98.2,+50.3,0.21
2019-05-12T03:48:30,18548,Jupiter,raster,ARTEMIS350,BEAR1,865.55,None,+98.2,+50.3,0.21
2019-05-12T03:53:12,18549,B13134,raster,ARTEMIS450,BEAR1,666.2,None,+193.8,+47.6,0.21
2019-05-12T03:53:12,18549,B13134,raster,ARTEMIS350,BEAR1,865.55,None,+193.8,+47.6,0.21
2019-05-12T03:57:14,18550,SKYDIP,skydip,ARTEMIS450,BEAR1,666.2,None,+194.3,+81.9,0.22
2019-05-12T03:57:14,18550,SKYDIP,skydip,ARTEMIS350,BEAR1,865.55,None,+194.3,+81.9,0.22
2019-05-12T04:01:40,18551,NGC4945,raster,ARTEMIS450,BEAR1,666.2,None,+210.8,+56.6,0.21
2019-05-12T04:01:40,18551,NGC4945,raster,ARTEMIS350,BEAR1,865.55,None,+210.8,+56.6,0.21
2019-05-12T04:06:43,18552,ARP220,raster,ARTEMIS450,BEAR1,666.2,None,+12.7,+42.5,0.22
2019-05-12T04:06:43,18552,ARP220,raster,ARTEMIS350,BEAR1,865.55,None,+12.7,+42.5,0.22
2019-05-12T04:11:12,18553,SKYDIP,skydip,ARTEMIS450,BEAR1,666.2,None,+11.6,+81.9,0.22
2019-05-12T04:11:12,18553,SKYDIP,skydip,ARTEMIS350,BEAR1,865.55,None,+11.6,+81.9,0.22
2019-05-12T04:16:03,18554,Carina,raster,ARTEMIS450,BEAR1,666.2,None,-147.4,+32.5,0.21
2019-05-12T04:16:03,18554,Carina,raster,ARTEMIS350,BEAR1,865.55,None,-147.4,+32.5,0.21
2019-05-12T04:20:20,18555,SKYDIP,skydip,ARTEMIS450,BEAR1,666.2,None,-147.3,+81.9,0.20
2019-05-12T04:20:20,18555,SKYDIP,skydip,ARTEMIS350,BEAR1,865.55,None,-147.3,+81.9,0.20
2019-05-12T04:24:12,18556,J1325-430,raster,ARTEMIS450,BEAR1,666.2,None,-139.0,+60.4,0.20
2019-05-12T04:24:12,18556,J1325-430,raster,ARTEMIS350,BEAR1,865.55,None,-139.0,+60.4,0.20
2019-05-12T04:28:14,18557,SKYDIP,skydip,ARTEMIS450,BEAR1,666.2,None,-138.3,+81.9,0.19
2019-05-12T04:28:14,18557,SKYDIP,skydip,ARTEMIS350,BEAR1,865.55,None,-138.3,+81.9,0.19
2019-05-12T04:32:24,18558,G34.3,raster,ARTEMIS450,BEAR1,666.2,None,+72.5,+32.7,0.20
2019-05-12T04:32:24,18558,G34.3,raster,ARTEMIS350,BEAR1,865.55,None,+72.5,+32.7,0.20
2019-05-12T04:36:46,18559,SKYDIP,skydip,ARTEMIS450,BEAR1,666.2,None,+71.9,+81.9,0.20
2019-05-12T04:36:46,18559,SKYDIP,skydip,ARTEMIS350,BEAR1,865.55,None,+71.9,+81.9,0.20
2019-05-12T04:41:05,18560,J1924-292,raster,ARTEMIS450,BEAR1,666.2,None,+110.1,+37.0,0.20
2019-05-12T04:41:05,18560,J1924-292,raster,ARTEMIS350,BEAR1,865.55,None,+110.1,+37.0,0.20
2019-05-12T04:45:20,18561,J1256-058,raster,ARTEMIS450,BEAR1,666.2,None,-71.7,+48.7,0.20
2019-05-12T04:45:20,18561,J1256-058,raster,ARTEMIS350,BEAR1,865.55,None,-71.7,+48.7,0.20
2019-05-12T04:50:08,18562,G45.1,raster,ARTEMIS450,BEAR1,666.2,None,+63.3,+27.2,0.21
2019-05-12T04:50:08,18562,G45.1,raster,ARTEMIS350,BEAR1,865.55,None,+63.3,+27.2,0.21
2019-05-12T04:55:12,18563,SKYDIP,skydip,ARTEMIS450,BEAR1,666.2,None,+62.6,+81.9,0.20
2019-05-12T04:55:12,18563,SKYDIP,skydip,ARTEMIS350,BEAR1,865.55,None,+62.6,+81.9,0.20
2019-05-12T05:00:49,18564,W33_e,go,ARTEMIS450,BEAR1,666.2,None,+88.2,+55.3,0.21
2019-05-12T05:00:49,18564,W33_e,go,ARTEMIS350,BEAR1,865.55,None,+88.2,+55.3,0.21
2019-05-12T05:01:07,18565,W33_e,otf,ARTEMIS450,BEAR1,666.2,None,+88.2,+55.4,0.21
2019-05-12T05:01:07,18565,W33_e,otf,ARTEMIS350,BEAR1,865.55,None,+88.2,+55.4,0.21
2019-05-12T05:09:26,18566,W33_e,otf,ARTEMIS450,BEAR1,666.2,None,+87.4,+57.2,0.20
2019-05-12T05:09:26,18566,W33_e,otf,ARTEMIS350,BEAR1,865.55,None,+87.4,+57.2,0.20
2019-05-12T05:17:45,18567,W33_e,go,ARTEMIS450,BEAR1,666.2,None,+86.3,+59.1,0.19
2019-05-12T05:17:45,18567,W33_e,go,ARTEMIS350,BEAR1,865.55,None,+86.3,+59.1,0.19
2019-05-12T05:17:48,18568,W33_e,otf,ARTEMIS450,BEAR1,666.2,None,+86.3,+59.2,0.20
2019-05-12T05:17:48,18568,W33_e,otf,ARTEMIS350,BEAR1,865.55,None,+86.3,+59.2,0.20
2019-05-12T05:26:11,18569,W33_e,otf,ARTEMIS450,BEAR1,666.2,None,+85.3,+61.1,0.20
2019-05-12T05:26:11,18569,W33_e,otf,ARTEMIS350,BEAR1,865.55,None,+85.3,+61.1,0.20
2019-05-12T05:35:02,18570,W33_f,go,ARTEMIS450,BEAR1,666.2,None,+83.8,+63.1,0.18
2019-05-12T05:35:02,18570,W33_f,go,ARTEMIS350,BEAR1,865.55,None,+83.8,+63.1,0.18
2019-05-12T05:35:06,18571,W33_f,otf,ARTEMIS450,BEAR1,666.2,None,+83.8,+63.1,0.18
2019-05-12T05:35:06,18571,W33_f,otf,ARTEMIS350,BEAR1,865.55,None,+83.8,+63.1,0.18
2019-05-12T05:41:13,18572,W33_f,otf,ARTEMIS450,BEAR1,666.2,None,+82.9,+64.4,0.19
2019-05-12T05:41:13,18572,W33_f,otf,ARTEMIS350,BEAR1,865.55,None,+82.9,+64.4,0.19
2019-05-12T05:47:17,18573,G5.89,raster,ARTEMIS450,BEAR1,666.2,None,+97.4,+70.2,0.19
2019-05-12T05:47:17,18573,G5.89,raster,ARTEMIS350,BEAR1,865.55,None,+97.4,+70.2,0.19
2019-05-12T05:49:43,18574,G10.62,raster,ARTEMIS450,BEAR1,666.2,None,+86.4,+67.9,0.19
2019-05-12T05:49:43,18574,G10.62,raster,ARTEMIS350,BEAR1,865.55,None,+86.4,+67.9,0.19
2019-05-12T05:52:23,18575,G10.62,Z-Focus,ARTEMIS450,BEAR1,666.2,None,+86.1,+68.6,0.19
2019-05-12T05:52:23,18575,G10.62,Z-Focus,ARTEMIS350,BEAR1,865.55,None,+86.1,+68.6,0.19
2019-05-12T05:56:02,18576,SKYDIP,skydip,ARTEMIS450,BEAR1,666.2,None,+85.6,+81.9,0.19
2019-05-12T05:56:02,18576,SKYDIP,skydip,ARTEMIS350,BEAR1,865.55,None,+85.6,+81.9,0.19
2019-05-12T05:59:46,18577,W33_g,go,ARTEMIS450,BEAR1,666.2,None,+79.2,+68.7,0.19
2019-05-12T05:59:46,18577,W33_g,go,ARTEMIS350,BEAR1,865.55,None,+79.2,+68.7,0.19
2019-05-12T06:00:17,18578,SKYDIP,skydip,ARTEMIS450,BEAR1,666.2,None,+79.2,+81.9,0.19
2019-05-12T06:00:17,18578,SKYDIP,skydip,ARTEMIS350,BEAR1,865.55,None,+79.2,+81.9,0.19
2019-05-12T06:03:59,18579,W33_g,go,ARTEMIS450,BEAR1,666.2,None,+78.3,+69.6,0.20
2019-05-12T06:03:59,18579,W33_g,go,ARTEMIS350,BEAR1,865.55,None,+78.3,+69.6,0.20
2019-05-12T06:04:22,18580,W33_g,otf,ARTEMIS450,BEAR1,666.2,None,+78.3,+69.7,0.20
2019-05-12T06:04:22,18580,W33_g,otf,ARTEMIS350,BEAR1,865.55,None,+78.3,+69.7,0.20
2019-05-12T06:13:03,18581,W33_g,otf,ARTEMIS450,BEAR1,666.2,None,+76.3,+71.6,0.20
2019-05-12T06:13:03,18581,W33_g,otf,ARTEMIS350,BEAR1,865.55,None,+76.3,+71.6,0.20
2019-05-12T06:21:38,18582,W33_g,go,ARTEMIS450,BEAR1,666.2,None,+73.7,+73.5,0.19
2019-05-12T06:21:38,18582,W33_g,go,ARTEMIS350,BEAR1,865.55,None,+73.7,+73.5,0.19
2019-05-12T06:21:41,18583,W33_g,otf,ARTEMIS450,BEAR1,666.2,None,+73.7,+73.6,0.19
2019-05-12T06:21:41,18583,W33_g,otf,ARTEMIS350,BEAR1,865.55,None,+73.7,+73.6,0.19
2019-05-12T06:30:20,18584,W33_g,otf,ARTEMIS450,BEAR1,666.2,None,+70.8,+75.4,0.20
2019-05-12T06:30:20,18584,W33_g,otf,ARTEMIS350,BEAR1,865.55,None,+70.8,+75.4,0.20
2019-05-12T06:38:53,18585,G34.3,raster,ARTEMIS450,BEAR1,666.2,None,+44.1,+57.7,0.21
2019-05-12T06:38:53,18585,G34.3,raster,ARTEMIS350,BEAR1,865.55,None,+44.1,+57.7,0.21
2019-05-12T06:41:20,18586,B13134,raster,ARTEMIS450,BEAR1,666.2,None,+208.6,+32.6,0.21
2019-05-12T06:41:20,18586,B13134,raster,ARTEMIS350,BEAR1,865.55,None,+208.6,+32.6,0.21
2019-05-12T06:44:32,18587,SKYDIP,skydip,ARTEMIS450,BEAR1,666.2,None,+208.7,+81.9,0.20
2019-05-12T06:44:32,18587,SKYDIP,skydip,ARTEMIS350,BEAR1,865.55,None,+208.7,+81.9,0.20
2019-05-12T06:48:49,18588,GAL316.8_a,go,ARTEMIS450,BEAR1,666.2,None,+207.5,+42.7,0.20
2019-05-12T06:48:49,18588,GAL316.8_a,go,ARTEMIS350,BEAR1,865.55,None,+207.5,+42.7,0.20
2019-05-12T06:49:03,18589,GAL316.8_a,otf,ARTEMIS450,BEAR1,666.2,None,+207.4,+42.7,0.20
2019-05-12T06:49:03,18589,GAL316.8_a,otf,ARTEMIS350,BEAR1,865.55,None,+207.4,+42.7,0.20
2019-05-12T06:56:43,18590,GAL316.8_a,otf,ARTEMIS450,BEAR1,666.2,None,+208.2,+41.8,0.20
2019-05-12T06:56:43,18590,GAL316.8_a,otf,ARTEMIS350,BEAR1,865.55,None,+208.2,+41.8,0.20
2019-05-12T07:04:40,18591,GAL316.8_a,go,ARTEMIS450,BEAR1,666.2,None,+208.8,+41.0,0.20
2019-05-12T07:04:40,18591,GAL316.8_a,go,ARTEMIS350,BEAR1,865.55,None,+208.8,+41.0,0.20
2019-05-12T07:04:43,18592,GAL316.8_a,otf,ARTEMIS450,BEAR1,666.2,None,+208.7,+41.0,0.20
2019-05-12T07:04:43,18592,GAL316.8_a,otf,ARTEMIS350,BEAR1,865.55,None,+208.7,+41.0,0.20
2019-05-12T07:12:19,18593,GAL316.8_a,otf,ARTEMIS450,BEAR1,666.2,None,+209.4,+40.1,0.19
2019-05-12T07:12:19,18593,GAL316.8_a,otf,ARTEMIS350,BEAR1,865.55,None,+209.4,+40.1,0.19
2019-05-12T07:20:05,18594,GAL316.8_b,go,ARTEMIS450,BEAR1,666.2,None,+209.9,+39.2,0.21
2019-05-12T07:20:05,18594,GAL316.8_b,go,ARTEMIS350,BEAR1,865.55,None,+209.9,+39.2,0.21
2019-05-12T07:20:09,18595,GAL316.8_b,otf,ARTEMIS450,BEAR1,666.2,None,+209.9,+39.2,0.21
2019-05-12T07:20:09,18595,GAL316.8_b,otf,ARTEMIS350,BEAR1,865.55,None,+209.9,+39.2,0.21
2019-05-12T07:25:33,18596,GAL316.8_b,otf,ARTEMIS450,BEAR1,666.2,None,+210.3,+38.5,0.21
2019-05-12T07:25:33,18596,GAL316.8_b,otf,ARTEMIS350,BEAR1,865.55,None,+210.3,+38.5,0.21
2019-05-12T07:31:15,18597,GAL316.8_b,go,ARTEMIS450,BEAR1,666.2,None,+210.6,+37.9,0.20
2019-05-12T07:31:15,18597,GAL316.8_b,go,ARTEMIS350,BEAR1,865.55,None,+210.6,+37.9,0.20
2019-05-12T07:31:18,18598,GAL316.8_b,otf,ARTEMIS450,BEAR1,666.2,None,+210.6,+37.9,0.20
2019-05-12T07:31:18,18598,GAL316.8_b,otf,ARTEMIS350,BEAR1,865.55,None,+210.6,+37.9,0.20
2019-05-12T07:36:40,18599,GAL316.8_b,otf,ARTEMIS450,BEAR1,666.2,None,+210.9,+37.2,0.21
2019-05-12T07:36:40,18599,GAL316.8_b,otf,ARTEMIS350,BEAR1,865.55,None,+210.9,+37.2,0.21
2019-05-12T07:42:23,18600,G34.3,raster,ARTEMIS450,BEAR1,666.2,None,+13.8,+65.1,0.21
2019-05-12T07:42:23,18600,G34.3,raster,ARTEMIS350,BEAR1,865.55,None,+13.8,+65.1,0.21
2019-05-12T07:45:52,18601,IRAS16293,raster,ARTEMIS450,BEAR1,666.2,None,-99.3,+62.4,0.20
2019-05-12T07:45:52,18601,IRAS16293,raster,ARTEMIS350,BEAR1,865.55,None,-99.3,+62.4,0.20
2019-05-12T07:49:17,18602,IRAS16293,Z-Focus,ARTEMIS450,BEAR1,666.2,None,-99.4,+61.7,0.20
2019-05-12T07:49:17,18602,IRAS16293,Z-Focus,ARTEMIS350,BEAR1,865.55,None,-99.4,+61.7,0.20
2019-05-12T07:53:17,18603,IRAS16293,X-Focus,ARTEMIS450,BEAR1,666.2,None,-99.5,+60.7,0.21
2019-05-12T07:53:17,18603,IRAS16293,X-Focus,ARTEMIS350,BEAR1,865.55,None,-99.5,+60.7,0.21
2019-05-12T07:56:54,18604,IRAS16293,Y-Focus,ARTEMIS450,BEAR1,666.2,None,-99.6,+59.9,0.20
2019-05-12T07:56:54,18604,IRAS16293,Y-Focus,ARTEMIS350,BEAR1,865.55,None,-99.6,+59.9,0.20
2019-05-12T08:00:32,18605,IRAS16293,raster,ARTEMIS450,BEAR1,666.2,None,-99.7,+59.1,0.20
2019-05-12T08:00:32,18605,IRAS16293,raster,ARTEMIS350,BEAR1,865.55,None,-99.7,+59.1,0.20
2019-05-12T08:03:29,18606,SKYDIP,skydip,ARTEMIS450,BEAR1,666.2,None,-99.8,+81.9,0.21
2019-05-12T08:03:29,18606,SKYDIP,skydip,ARTEMIS350,BEAR1,865.55,None,-99.8,+81.9,0.21
2019-05-12T08:07:38,18607,G339.58_a,go,ARTEMIS450,BEAR1,666.2,None,-99.8,+19.5,0.21
2019-05-12T08:07:38,18607,G339.58_a,go,ARTEMIS350,BEAR1,865.55,None,-99.8,+19.5,0.21
2019-05-12T08:08:00,18608,G339.58_a,go,ARTEMIS450,BEAR1,666.2,None,-138.9,+55.5,0.21
2019-05-12T08:08:00,18608,G339.58_a,go,ARTEMIS350,BEAR1,865.55,None,-138.9,+55.5,0.21
2019-05-12T08:08:10,18609,G339.58_a,otf,ARTEMIS450,BEAR1,666.2,None,-138.9,+55.4,0.21
2019-05-12T08:08:10,18609,G339.58_a,otf,ARTEMIS350,BEAR1,865.55,None,-138.9,+55.4,0.21
2019-05-12T08:13:54,18610,G339.58_a,otf,ARTEMIS450,BEAR1,666.2,None,-138.1,+54.6,0.20
2019-05-12T08:13:54,18610,G339.58_a,otf,ARTEMIS350,BEAR1,865.55,None,-138.1,+54.6,0.20
2019-05-12T08:19:38,18611,G339.58_a,go,ARTEMIS450,BEAR1,666.2,None,-137.2,+53.7,0.20
2019-05-12T08:19:38,18611,G339.58_a,go,ARTEMIS350,BEAR1,865.55,None,-137.2,+53.7,0.20
2019-05-12T08:19:41,18612,G339.58_a,otf,ARTEMIS450,BEAR1,666.2,None,-137.3,+53.6,0.20
2019-05-12T08:19:41,18612,G339.58_a,otf,ARTEMIS350,BEAR1,865.55,None,-137.3,+53.6,0.20
2019-05-12T08:25:27,18613,G339.58_a,otf,ARTEMIS450,BEAR1,666.2,None,-136.6,+52.8,0.20
2019-05-12T08:25:27,18613,G339.58_a,otf,ARTEMIS350,BEAR1,865.55,None,-136.6,+52.8,0.20
2019-05-12T08:31:08,18614,G339.58_b,go,ARTEMIS450,BEAR1,666.2,None,-135.9,+51.9,0.20
2019-05-12T08:31:08,18614,G339.58_b,go,ARTEMIS350,BEAR1,865.55,None,-135.9,+51.9,0.20
2019-05-12T08:31:11,18615,G339.58_b,otf,ARTEMIS450,BEAR1,666.2,None,-135.9,+51.8,0.20
2019-05-12T08:31:11,18615,G339.58_b,otf,ARTEMIS350,BEAR1,865.55,None,-135.9,+51.8,0.20
2019-05-12T08:36:52,18616,G339.58_b,otf,ARTEMIS450,BEAR1,666.2,None,-135.3,+50.9,0.20
2019-05-12T08:36:52,18616,G339.58_b,otf,ARTEMIS350,BEAR1,865.55,None,-135.3,+50.9,0.20
2019-05-12T08:42:27,18617,G339.58_b,go,ARTEMIS450,BEAR1,666.2,None,-134.7,+50.0,0.21
2019-05-12T08:42:27,18617,G339.58_b,go,ARTEMIS350,BEAR1,865.55,None,-134.7,+50.0,0.21
2019-05-12T08:42:30,18618,G339.58_b,otf,ARTEMIS450,BEAR1,666.2,None,-134.7,+49.9,0.21
2019-05-12T08:42:30,18618,G339.58_b,otf,ARTEMIS350,BEAR1,865.55,None,-134.7,+49.9,0.21
2019-05-12T08:48:15,18619,G339.58_b,otf,ARTEMIS450,BEAR1,666.2,None,-134.2,+49.1,0.20
2019-05-12T08:48:15,18619,G339.58_b,otf,ARTEMIS350,BEAR1,865.55,None,-134.2,+49.1,0.20
2019-05-12T08:53:50,18620,G5.89,raster,ARTEMIS450,BEAR1,666.2,None,-97.7,+66.9,0.21
2019-05-12T08:53:50,18620,G5.89,raster,ARTEMIS350,BEAR1,865.55,None,-97.7,+66.9,0.21
2019-05-12T08:56:19,18621,G10.62,raster,ARTEMIS450,BEAR1,666.2,None,-86.3,+68.1,0.20
2019-05-12T08:56:19,18621,G10.62,raster,ARTEMIS350,BEAR1,865.55,None,-86.3,+68.1,0.20
2019-05-12T08:58:59,18622,SKYDIP,skydip,ARTEMIS450,BEAR1,666.2,None,-86.7,+81.9,0.20
2019-05-12T08:58:59,18622,SKYDIP,skydip,ARTEMIS350,BEAR1,865.55,None,-86.7,+81.9,0.20
2019-05-12T09:02:41,18623,W33_h,go,ARTEMIS450,BEAR1,666.2,None,-80.6,+66.8,0.21
2019-05-12T09:02:41,18623,W33_h,go,ARTEMIS350,BEAR1,865.55,None,-80.6,+66.8,0.21
2019-05-12T09:03:03,18624,W33_h,otf,ARTEMIS450,BEAR1,666.2,None,-80.8,+66.7,0.21
2019-05-12T09:03:03,18624,W33_h,otf,ARTEMIS350,BEAR1,865.55,None,-80.8,+66.7,0.21
2019-05-12T09:11:53,18625,W33_h,otf,ARTEMIS450,BEAR1,666.2,None,-82.3,+64.8,0.21
2019-05-12T09:11:53,18625,W33_h,otf,ARTEMIS350,BEAR1,865.55,None,-82.3,+64.8,0.21
2019-05-12T09:20:36,18626,W33_h,go,ARTEMIS450,BEAR1,666.2,None,-83.5,+62.8,0.21
2019-05-12T09:20:36,18626,W33_h,go,ARTEMIS350,BEAR1,865.55,None,-83.5,+62.8,0.21
2019-05-12T09:20:38,18627,W33_h,otf,ARTEMIS450,BEAR1,666.2,None,-83.7,+62.7,0.21
2019-05-12T09:20:38,18627,W33_h,otf,ARTEMIS350,BEAR1,865.55,None,-83.7,+62.7,0.21
2019-05-12T09:29:25,18628,W33_h,otf,ARTEMIS450,BEAR1,666.2,None,-84.9,+60.8,0.21
2019-05-12T09:29:25,18628,W33_h,otf,ARTEMIS350,BEAR1,865.55,None,-84.9,+60.8,0.21
2019-05-12T09:38:25,18629,G10.62,raster,ARTEMIS450,BEAR1,666.2,None,-90.9,+58.4,0.21
2019-05-12T09:38:25,18629,G10.62,raster,ARTEMIS350,BEAR1,865.55,None,-90.9,+58.4,0.21
2019-05-12T09:41:44,18630,W33_a,go,ARTEMIS450,BEAR1,666.2,None,-87.4,+57.8,0.22
2019-05-12T09:41:44,18630,W33_a,go,ARTEMIS350,BEAR1,865.55,None,-87.4,+57.8,0.22
2019-05-12T09:41:50,18631,W33_a,otf,ARTEMIS450,BEAR1,666.2,None,-87.5,+57.8,0.22
2019-05-12T09:41:50,18631,W33_a,otf,ARTEMIS350,BEAR1,865.55,None,-87.5,+57.8,0.22
2019-05-12T09:47:54,18632,W33_a,otf,ARTEMIS450,BEAR1,666.2,None,-88.2,+56.5,0.21
2019-05-12T09:47:54,18632,W33_a,otf,ARTEMIS350,BEAR1,865.55,None,-88.2,+56.5,0.21
2019-05-12T09:53:48,18633,W33_a,go,ARTEMIS450,BEAR1,666.2,None,-88.7,+55.1,0.21
2019-05-12T09:53:48,18633,W33_a,go,ARTEMIS350,BEAR1,865.55,None,-88.7,+55.1,0.21
2019-05-12T09:53:51,18634,W33_a,otf,ARTEMIS450,BEAR1,666.2,None,-88.8,+55.0,0.21
2019-05-12T09:53:51,18634,W33_a,otf,ARTEMIS350,BEAR1,865.55,None,-88.8,+55.0,0.21
2019-05-12T10:00:02,18635,W33_a,otf,ARTEMIS450,BEAR1,666.2,None,-89.4,+53.7,0.21
2019-05-12T10:00:02,18635,W33_a,otf,ARTEMIS350,BEAR1,865.55,None,-89.4,+53.7,0.21
2019-05-12T10:06:00,18636,W33_f,go,ARTEMIS450,BEAR1,666.2,None,-89.3,+52.5,0.21
2019-05-12T10:06:00,18636,W33_f,go,ARTEMIS350,BEAR1,865.55,None,-89.3,+52.5,0.21
2019-05-12T10:06:04,18637,W33_f,otf,ARTEMIS450,BEAR1,666.2,None,-89.4,+52.4,0.21
2019-05-12T10:06:04,18637,W33_f,otf,ARTEMIS350,BEAR1,865.55,None,-89.4,+52.4,0.21
2019-05-12T10:12:11,18638,W33_f,otf,ARTEMIS450,BEAR1,666.2,None,-90.0,+51.1,0.22
2019-05-12T10:12:11,18638,W33_f,otf,ARTEMIS350,BEAR1,865.55,None,-90.0,+51.1,0.22
2019-05-12T10:18:09,18639,SKYDIP,skydip,ARTEMIS450,BEAR1,666.2,None,-91.0,+81.9,0.22
2019-05-12T10:18:09,18639,SKYDIP,skydip,ARTEMIS350,BEAR1,865.55,None,-91.0,+81.9,0.22
2019-05-12T10:22:09,18640,Neptune,raster,ARTEMIS450,BEAR1,666.2,None,+65.3,+54.7,0.22
2019-05-12T10:22:09,18640,Neptune,raster,ARTEMIS350,BEAR1,865.55,None,+65.3,+54.7,0.22
2019-05-12T10:25:45,18641,Neptune,Z-Focus,ARTEMIS450,BEAR1,666.2,None,+64.5,+55.4,0.22
2019-05-12T10:25:45,18641,Neptune,Z-Focus,ARTEMIS350,BEAR1,865.55,None,+64.5,+55.4,0.22
2019-05-12T10:29:44,18642,Neptune,X-Focus,ARTEMIS450,BEAR1,666.2,None,+63.5,+56.2,0.22
2019-05-12T10:29:44,18642,Neptune,X-Focus,ARTEMIS350,BEAR1,865.55,None,+63.5,+56.2,0.22
2019-05-12T10:33:30,18643,Neptune,Y-Focus,ARTEMIS450,BEAR1,666.2,None,+62.6,+57.0,0.23
2019-05-12T10:33:30,18643,Neptune,Y-Focus,ARTEMIS350,BEAR1,865.55,None,+62.6,+57.0,0.23
2019-05-12T10:37:27,18644,Neptune,point,ARTEMIS450,BEAR1,666.2,None,+61.5,+57.8,0.23
2019-05-12T10:37:27,18644,Neptune,point,ARTEMIS350,BEAR1,865.55,None,+61.5,+57.8,0.23
2019-05-12T10:38:55,18645,Neptune,otf,ARTEMIS450,BEAR1,666.2,None,+61.0,+58.1,0.23
2019-05-12T10:38:55,18645,Neptune,otf,ARTEMIS350,BEAR1,865.55,None,+61.0,+58.1,0.23
2019-05-12T11:19:47,18646,Neptune,point,ARTEMIS450,BEAR1,666.2,None,+46.6,+65.7,0.23
2019-05-12T11:19:47,18646,Neptune,point,ARTEMIS350,BEAR1,865.55,None,+46.6,+65.7,0.23
2019-05-12T11:22:22,18647,K3-50A,raster,ARTEMIS450,BEAR1,666.2,None,-29.6,+25.6,0.23
2019-05-12T11:22:22,18647,K3-50A,raster,ARTEMIS350,BEAR1,865.55,None,-29.6,+25.6,0.23
2019-05-12T11:26:33,18648,K3-50A,raster,ARTEMIS450,BEAR1,666.2,None,-30.3,+25.2,0.23
2019-05-12T11:26:33,18648,K3-50A,raster,ARTEMIS350,BEAR1,865.55,None,-30.3,+25.2,0.23
2019-05-12T11:30:06,18649,CRL2688,raster,ARTEMIS450,BEAR1,666.2,None,-17.1,+27.6,0.23
2019-05-12T11:30:06,18649,CRL2688,raster,ARTEMIS350,BEAR1,865.55,None,-17.1,+27.6,0.23
2019-05-12T11:34:11,18650,NGC253,raster,ARTEMIS450,BEAR1,666.2,None,+101.3,+56.9,0.23
2019-05-12T11:34:11,18650,NGC253,raster,ARTEMIS350,BEAR1,865.55,None,+101.3,+56.9,0.23
2019-05-12T11:38:37,18651,NGC253,raster,ARTEMIS450,BEAR1,666.2,None,+101.1,+57.8,0.23
2019-05-12T11:38:37,18651,NGC253,raster,ARTEMIS350,BEAR1,865.55,None,+101.1,+57.8,0.23
2019-05-12T11:42:04,18652,Neptune,point,ARTEMIS450,BEAR1,666.2,None,+35.0,+69.1,0.23
2019-05-12T11:42:04,18652,Neptune,point,ARTEMIS350,BEAR1,865.55,None,+35.0,+69.1,0.23
2019-05-12T11:43:38,18653,Neptune,point,ARTEMIS450,BEAR1,666.2,None,+34.2,+69.3,0.23
2019-05-12T11:43:38,18653,Neptune,point,ARTEMIS350,BEAR1,865.55,None,+34.2,+69.3,0.23
2019-05-12T11:44:48,18654,Saturn,raster,ARTEMIS450,BEAR1,666.2,None,-97.4,+47.1,0.23
2019-05-12T11:44:48,18654,Saturn,raster,ARTEMIS350,BEAR1,865.55,None,-97.4,+47.1,0.23
2019-05-12T11:48:06,18655,SKYDIP,skydip,ARTEMIS450,BEAR1,666.2,None,-100.0,+81.9,0.23
2019-05-12T11:48:06,18655,SKYDIP,skydip,ARTEMIS350,BEAR1,865.55,None,-100.0,+81.9,0.23
2019-05-12T11:53:38,18656,Saturn,go,ARTEMIS450,BEAR1,666.2,None,-97.9,+45.1,0.23
2019-05-12T11:53:38,18656,Saturn,go,ARTEMIS350,BEAR1,865.55,None,-97.9,+45.1,0.23
2019-05-12T11:54:00,18657,SKYDIP,skydip,ARTEMIS450,BEAR1,666.2,None,-100.0,+81.9,0.24
2019-05-12T11:54:00,18657,SKYDIP,skydip,ARTEMIS350,BEAR1,865.55,None,-100.0,+81.9,0.24
2019-05-12T11:58:11,18658,Saturn,go,ARTEMIS450,BEAR1,666.2,None,-98.2,+44.1,0.23
2019-05-12T11:58:11,18658,Saturn,go,ARTEMIS350,BEAR1,865.55,None,-98.2,+44.1,0.23
2019-05-12T19:10:49,18793,N/A,point,ARTEMIS450,BEAR1,666.2,None,-3.2,+42.4,0.47
2019-05-12T19:10:49,18793,N/A,point,ARTEMIS350,BEAR1,865.55,None,-3.2,+42.4,0.47
2019-05-12T19:11:14,18794,Mars,point,ARTEMIS450,BEAR1,666.2,None,-3.3,+42.4,0.47
2019-05-12T19:11:14,18794,Mars,point,ARTEMIS350,BEAR1,865.55,None,-3.3,+42.4,0.47
2019-05-12T19:14:21,18795,Mars,point,ARTEMIS450,BEAR1,666.2,None,-4.3,+42.3,0.53
2019-05-12T19:14:21,18795,Mars,point,ARTEMIS350,BEAR1,865.55,None,-4.3,+42.3,0.53
2019-05-12T19:18:58,18796,Mars,point,ARTEMIS450,BEAR1,666.2,None,-5.7,+42.3,0.49
2019-05-12T19:18:58,18796,Mars,point,ARTEMIS350,BEAR1,865.55,None,-5.7,+42.3,0.49
2019-05-12T19:25:05,18797,Mars,point,ARTEMIS450,BEAR1,666.2,None,-7.6,+42.1,0.49
2019-05-12T19:25:05,18797,Mars,point,ARTEMIS350,BEAR1,865.55,None,-7.6,+42.1,0.49
2019-05-12T19:28:38,18798,Mars,point,ARTEMIS450,BEAR1,666.2,None,-8.6,+42.0,0.48
2019-05-12T19:28:38,18798,Mars,point,ARTEMIS350,BEAR1,865.55,None,-8.6,+42.0,0.48
2019-05-12T19:32:34,18799,Mars,point,ARTEMIS450,BEAR1,666.2,None,-9.8,+41.8,0.46
2019-05-12T19:32:34,18799,Mars,point,ARTEMIS350,BEAR1,865.55,None,-9.8,+41.8,0.46
2019-05-12T19:34:41,18800,Mars,point,ARTEMIS450,BEAR1,666.2,None,-10.5,+41.7,0.50
2019-05-12T19:34:41,18800,Mars,point,ARTEMIS350,BEAR1,865.55,None,-10.5,+41.7,0.50
2019-05-12T19:39:44,18801,Mars,point,ARTEMIS450,BEAR1,666.2,None,-12.0,+41.5,0.48
2019-05-12T19:39:44,18801,Mars,point,ARTEMIS350,BEAR1,865.55,None,-12.0,+41.5,0.48
2019-05-12T19:41:12,18802,Mars,Z-Focus,ARTEMIS450,BEAR1,666.2,None,-12.4,+41.5,0.50
2019-05-12T19:41:12,18802,Mars,Z-Focus,ARTEMIS350,BEAR1,865.55,None,-12.4,+41.5,0.50
2019-05-12T19:45:33,18803,Mars,Z-Focus,ARTEMIS450,BEAR1,666.2,None,-13.7,+41.2,0.51
2019-05-12T19:45:33,18803,Mars,Z-Focus,ARTEMIS350,BEAR1,865.55,None,-13.7,+41.2,0.51
2019-05-12T19:49:31,18804,Mars,Z-Focus,ARTEMIS450,BEAR1,666.2,None,-14.9,+41.0,0.47
2019-05-12T19:49:31,18804,Mars,Z-Focus,ARTEMIS350,BEAR1,865.55,None,-14.9,+41.0,0.47
2019-05-12T19:53:05,18805,Mars,X-Focus,ARTEMIS450,BEAR1,666.2,None,-15.9,+40.8,0.47
2019-05-12T19:53:05,18805,Mars,X-Focus,ARTEMIS350,BEAR1,865.55,None,-15.9,+40.8,0.47
2019-05-12T19:57:04,18806,Mars,Y-Focus,ARTEMIS450,BEAR1,666.2,None,-17.0,+40.5,0.52
2019-05-12T19:57:04,18806,Mars,Y-Focus,ARTEMIS350,BEAR1,865.55,None,-17.0,+40.5,0.52
2019-05-12T20:00:48,18807,Mars,Y-Focus,ARTEMIS450,BEAR1,666.2,None,-18.1,+40.3,0.48
2019-05-12T20:00:48,18807,Mars,Y-Focus,ARTEMIS350,BEAR1,865.55,None,-18.1,+40.3,0.48
2019-05-12T20:04:36,18808,Mars,point,ARTEMIS450,BEAR1,666.2,None,-19.2,+40.0,0.48
2019-05-12T20:04:36,18808,Mars,point,ARTEMIS350,BEAR1,865.55,None,-19.2,+40.0,0.48
2019-05-12T20:05:49,18809,Mars,otf,ARTEMIS450,BEAR1,666.2,None,-19.6,+39.9,0.48
2019-05-12T20:05:49,18809,Mars,otf,ARTEMIS350,BEAR1,865.55,None,-19.6,+39.9,0.48
2019-05-12T20:46:07,18810,SKYDIP,skydip,ARTEMIS450,BEAR1,666.2,None,-28.0,+81.9,0.54
2019-05-12T20:46:07,18810,SKYDIP,skydip,ARTEMIS350,BEAR1,865.55,None,-28.0,+81.9,0.54
2019-05-12T20:50:34,18811,Mars,point,ARTEMIS450,BEAR1,666.2,None,-31.1,+35.5,0.56
2019-05-12T20:50:34,18811,Mars,point,ARTEMIS350,BEAR1,865.55,None,-31.1,+35.5,0.56
2019-05-12T20:52:55,18812,Mars,point,ARTEMIS450,BEAR1,666.2,None,-31.7,+35.2,0.56
2019-05-12T20:52:55,18812,Mars,point,ARTEMIS350,BEAR1,865.55,None,-31.7,+35.2,0.56
2019-05-12T20:55:23,18813,Mars,point,ARTEMIS450,BEAR1,666.2,None,-32.2,+34.9,0.55
2019-05-12T20:55:23,18813,Mars,point,ARTEMIS350,BEAR1,865.55,None,-32.2,+34.9,0.55
2019-05-12T20:57:49,18814,Carina,point,ARTEMIS450,BEAR1,666.2,None,-208.2,+42.0,0.52
2019-05-12T20:57:49,18814,Carina,point,ARTEMIS350,BEAR1,865.55,None,-208.2,+42.0,0.52
2019-05-12T21:00:19,18815,PKS1101-536,point,ARTEMIS450,BEAR1,666.2,None,-216.5,+42.4,0.53
2019-05-12T21:00:19,18815,PKS1101-536,point,ARTEMIS350,BEAR1,865.55,None,-216.5,+42.4,0.53
2019-05-12T21:02:13,18816,PKS1101-536,raster,ARTEMIS450,BEAR1,666.2,None,-216.4,+42.7,0.54
2019-05-12T21:02:13,18816,PKS1101-536,raster,ARTEMIS350,BEAR1,865.55,None,-216.4,+42.7,0.54
2019-05-12T21:11:00,18817,NGC3603-mos,otf,ARTEMIS450,BEAR1,666.2,None,-215.7,+43.9,0.53
2019-05-12T21:11:00,18817,NGC3603-mos,otf,ARTEMIS350,BEAR1,865.55,None,-215.7,+43.9,0.53
2019-05-12T21:11:56,18818,NGC3603-mos,otf,ARTEMIS450,BEAR1,666.2,None,-210.4,+40.7,0.53
2019-05-12T21:11:56,18818,NGC3603-mos,otf,ARTEMIS350,BEAR1,865.55,None,-210.4,+40.7,0.53
2019-05-12T21:19:29,18819,NGC3603-mos,otf,ARTEMIS450,BEAR1,666.2,None,-207.4,+39.9,0.54
2019-05-12T21:19:29,18819,NGC3603-mos,otf,ARTEMIS350,BEAR1,865.55,None,-207.4,+39.9,0.54
2019-05-12T21:23:15,18820,NGC3603-mos,otf,ARTEMIS450,BEAR1,666.2,None,-207.1,+40.3,0.52
2019-05-12T21:23:15,18820,NGC3603-mos,otf,ARTEMIS350,BEAR1,865.55,None,-207.1,+40.3,0.52
2019-05-12T21:25:33,18821,NGC3603-mos,otf,ARTEMIS450,BEAR1,666.2,None,-206.4,+40.9,0.53
2019-05-12T21:25:33,18821,NGC3603-mos,otf,ARTEMIS350,BEAR1,865.55,None,-206.4,+40.9,0.53
2019-05-12T22:00:11,18822,NGC3603-mos,otf,ARTEMIS450,BEAR1,666.2,None,-203.2,+44.3,0.55
2019-05-12T22:00:11,18822,NGC3603-mos,otf,ARTEMIS350,BEAR1,865.55,None,-203.2,+44.3,0.55
2019-05-12T22:29:31,18823,Carina,point,ARTEMIS450,BEAR1,666.2,None,-196.7,+50.3,0.57
2019-05-12T22:29:31,18823,Carina,point,ARTEMIS350,BEAR1,865.55,None,-196.7,+50.3,0.57
2019-05-12T22:30:50,18824,Carina,Z-Focus,ARTEMIS450,BEAR1,666.2,None,-196.5,+50.3,0.56
2019-05-12T22:30:50,18824,Carina,Z-Focus,ARTEMIS350,BEAR1,865.55,None,-196.5,+50.3,0.56
2019-05-12T22:34:49,18825,Carina,Y-Focus,ARTEMIS450,BEAR1,666.2,None,-195.8,+50.6,0.57
2019-05-12T22:34:49,18825,Carina,Y-Focus,ARTEMIS350,BEAR1,865.55,None,-195.8,+50.6,0.57
2019-05-12T22:38:25,18826,Carina,X-Focus,ARTEMIS450,BEAR1,666.2,None,-195.2,+50.8,0.58
2019-05-12T22:38:25,18826,Carina,X-Focus,ARTEMIS350,BEAR1,865.55,None,-195.2,+50.8,0.58
2019-05-12T22:42:28,18827,Carina,X-Focus,ARTEMIS450,BEAR1,666.2,None,-194.5,+51.1,0.58
2019-05-12T22:42:28,18827,Carina,X-Focus,ARTEMIS350,BEAR1,865.55,None,-194.5,+51.1,0.58
2019-05-12T22:46:24,18828,B13134,raster,ARTEMIS450,BEAR1,666.2,None,-207.3,+35.9,0.57
2019-05-12T22:46:24,18828,B13134,raster,ARTEMIS350,BEAR1,865.55,None,-207.3,+35.9,0.57
2019-05-12T22:48:54,18829,NGC4945,raster,ARTEMIS450,BEAR1,666.2,None,-223.1,+41.9,0.58
2019-05-12T22:48:54,18829,NGC4945,raster,ARTEMIS350,BEAR1,865.55,None,-223.1,+41.9,0.58
2019-05-12T22:52:08,18830,SKYDIP,skydip,ARTEMIS450,BEAR1,666.2,None,-223.0,+42.3,0.59
2019-05-12T22:52:08,18830,SKYDIP,skydip,ARTEMIS350,BEAR1,865.55,None,-223.0,+42.3,0.59
2019-05-12T22:52:21,18831,SKYDIP,skydip,ARTEMIS450,BEAR1,666.2,None,-197.0,+81.9,0.61
2019-05-12T22:52:21,18831,SKYDIP,skydip,ARTEMIS350,BEAR1,865.55,None,-197.0,+81.9,0.61
2019-05-12T22:57:01,18832,NGC3603-mos,go,ARTEMIS450,BEAR1,666.2,None,-195.8,+48.8,0.60
2019-05-12T22:57:01,18832,NGC3603-mos,go,ARTEMIS350,BEAR1,865.55,None,-195.8,+48.8,0.60
2019-05-12T22:57:16,18833,NGC3603-mos,raster,ARTEMIS450,BEAR1,666.2,None,-195.6,+48.7,0.61
2019-05-12T22:57:16,18833,NGC3603-mos,raster,ARTEMIS350,BEAR1,865.55,None,-195.6,+48.7,0.61
2019-05-12T23:41:59,18834,Carina,point,ARTEMIS450,BEAR1,666.2,None,-182.7,+53.1,0.65
2019-05-12T23:41:59,18834,Carina,point,ARTEMIS350,BEAR1,865.55,None,-182.7,+53.1,0.65
2019-05-12T23:44:08,18835,Carina,Z-Focus,ARTEMIS450,BEAR1,666.2,None,-182.3,+53.2,0.64
2019-05-12T23:44:08,18835,Carina,Z-Focus,ARTEMIS350,BEAR1,865.55,None,-182.3,+53.2,0.64
2019-05-12T23:47:54,18836,SKYDIP,skydip,ARTEMIS450,BEAR1,666.2,None,-181.0,+81.9,0.63
2019-05-12T23:47:54,18836,SKYDIP,skydip,ARTEMIS350,BEAR1,865.55,None,-181.0,+81.9,0.63
2019-05-12T23:51:44,18837,Carina,go,ARTEMIS450,BEAR1,666.2,None,-180.6,+53.2,0.62
2019-05-12T23:51:44,18837,Carina,go,ARTEMIS350,BEAR1,865.55,None,-180.6,+53.2,0.62
2019-05-12T23:52:01,18838,Carina_S1,go,ARTEMIS450,BEAR1,666.2,None,-180.5,+52.6,0.62
2019-05-12T23:52:01,18838,Carina_S1,go,ARTEMIS350,BEAR1,865.55,None,-180.5,+52.6,0.62
2019-05-12T23:53:12,18839,Carina_S1,go,ARTEMIS450,BEAR1,666.2,None,-180.5,+52.6,0.62
2019-05-12T23:53:12,18839,Carina_S1,go,ARTEMIS350,BEAR1,865.55,None,-180.5,+52.6,0.62
2019-05-12T23:53:15,18840,Carina_S1,otf,ARTEMIS450,BEAR1,666.2,None,-180.5,+52.6,0.62
2019-05-12T23:53:15,18840,Carina_S1,otf,ARTEMIS350,BEAR1,865.55,None,-180.5,+52.6,0.62
2019-05-13T00:07:32,18841,Carina_S1,go,ARTEMIS450,BEAR1,666.2,None,-177.6,+52.6,0.60
2019-05-13T00:07:32,18841,Carina_S1,go,ARTEMIS350,BEAR1,865.55,None,-177.6,+52.6,0.60
2019-05-13T00:07:36,18842,Carina_S1,otf,ARTEMIS450,BEAR1,666.2,None,-177.6,+52.5,0.60
2019-05-13T00:07:36,18842,Carina_S1,otf,ARTEMIS350,BEAR1,865.55,None,-177.6,+52.5,0.60
2019-05-13T00:09:41,18843,Carina_S1,go,ARTEMIS450,BEAR1,666.2,None,-177.1,+52.6,0.60
2019-05-13T00:09:41,18843,Carina_S1,go,ARTEMIS350,BEAR1,865.55,None,-177.1,+52.6,0.60
2019-05-13T00:09:51,18844,Carina_S1,otf,ARTEMIS450,BEAR1,666.2,None,-177.1,+52.6,0.60
2019-05-13T00:09:51,18844,Carina_S1,otf,ARTEMIS350,BEAR1,865.55,None,-177.1,+52.6,0.60
2019-05-13T00:15:59,18845,Carina_S1,go,ARTEMIS450,BEAR1,666.2,None,-175.9,+52.5,0.58
2019-05-13T00:15:59,18845,Carina_S1,go,ARTEMIS350,BEAR1,865.55,None,-175.9,+52.5,0.58
2019-05-13T00:16:08,18846,Carina_S1,otf,ARTEMIS450,BEAR1,666.2,None,-175.9,+52.5,0.58
2019-05-13T00:16:08,18846,Carina_S1,otf,ARTEMIS350,BEAR1,865.55,None,-175.9,+52.5,0.58
2019-05-13T00:18:10,18847,Carina_S1,go,ARTEMIS450,BEAR1,666.2,None,-175.4,+52.4,0.57
2019-05-13T00:18:10,18847,Carina_S1,go,ARTEMIS350,BEAR1,865.55,None,-175.4,+52.4,0.57
2019-05-13T00:18:18,18848,Carina_S1,otf,ARTEMIS450,BEAR1,666.2,None,-175.4,+52.4,0.57
2019-05-13T00:18:18,18848,Carina_S1,otf,ARTEMIS350,BEAR1,865.55,None,-175.4,+52.4,0.57
2019-05-13T00:21:22,18849,Carina_S1,go,ARTEMIS450,BEAR1,666.2,None,-174.8,+52.4,0.57
2019-05-13T00:21:22,18849,Carina_S1,go,ARTEMIS350,BEAR1,865.55,None,-174.8,+52.4,0.57
2019-05-13T00:21:31,18850,Carina_S1,otf,ARTEMIS450,BEAR1,666.2,None,-174.8,+52.4,0.56
2019-05-13T00:21:31,18850,Carina_S1,otf,ARTEMIS350,BEAR1,865.55,None,-174.8,+52.4,0.56
2019-05-13T00:27:19,18851,Carina,point,ARTEMIS450,BEAR1,666.2,None,-173.3,+52.8,0.56
2019-05-13T00:27:19,18851,Carina,point,ARTEMIS350,BEAR1,865.55,None,-173.3,+52.8,0.56
2019-05-13T00:28:58,18852,Carina_S1,go,ARTEMIS450,BEAR1,666.2,None,-173.3,+52.2,0.56
2019-05-13T00:28:58,18852,Carina_S1,go,ARTEMIS350,BEAR1,865.55,None,-173.3,+52.2,0.56
2019-05-13T00:29:02,18853,Carina_S1,otf,ARTEMIS450,BEAR1,666.2,None,-173.3,+52.1,0.56
2019-05-13T00:29:02,18853,Carina_S1,otf,ARTEMIS350,BEAR1,865.55,None,-173.3,+52.1,0.56
2019-05-13T00:36:31,18854,Carina_S1,otf,ARTEMIS450,BEAR1,666.2,None,-171.7,+51.9,0.55
2019-05-13T00:36:31,18854,Carina_S1,otf,ARTEMIS350,BEAR1,865.55,None,-171.7,+51.9,0.55
2019-05-13T00:44:40,18855,Carina_S2,go,ARTEMIS450,BEAR1,666.2,None,-170.2,+51.8,0.53
2019-05-13T00:44:40,18855,Carina_S2,go,ARTEMIS350,BEAR1,865.55,None,-170.2,+51.8,0.53
2019-05-13T00:44:43,18856,Carina_S2,otf,ARTEMIS450,BEAR1,666.2,None,-170.2,+51.7,0.53
2019-05-13T00:44:43,18856,Carina_S2,otf,ARTEMIS350,BEAR1,865.55,None,-170.2,+51.7,0.53
2019-05-13T00:52:14,18857,Carina_S2,otf,ARTEMIS450,BEAR1,666.2,None,-168.7,+51.4,0.53
2019-05-13T00:52:14,18857,Carina_S2,otf,ARTEMIS350,BEAR1,865.55,None,-168.7,+51.4,0.53
2019-05-13T01:00:06,18858,Carina,point,ARTEMIS450,BEAR1,666.2,None,-166.9,+51.5,0.53
2019-05-13T01:00:06,18858,Carina,point,ARTEMIS350,BEAR1,865.55,None,-166.9,+51.5,0.53
2019-05-13T01:01:28,18859,Carina,Z-Focus,ARTEMIS450,BEAR1,666.2,None,-166.6,+51.4,0.53
2019-05-13T01:01:28,18859,Carina,Z-Focus,ARTEMIS350,BEAR1,865.55,None,-166.6,+51.4,0.53
2019-05-13T01:05:25,18860,Carina,Y-Focus,ARTEMIS450,BEAR1,666.2,None,-165.9,+51.2,0.53
2019-05-13T01:05:25,18860,Carina,Y-Focus,ARTEMIS350,BEAR1,865.55,None,-165.9,+51.2,0.53
2019-05-13T01:09:53,18861,NGC3603-mos,raster,ARTEMIS450,BEAR1,666.2,None,-171.4,+50.7,0.53
2019-05-13T01:09:53,18861,NGC3603-mos,raster,ARTEMIS350,BEAR1,865.55,None,-171.4,+50.7,0.53
2019-05-13T01:54:45,18862,Carina,point,ARTEMIS450,BEAR1,666.2,None,-158.1,+47.6,0.48
2019-05-13T01:54:45,18862,Carina,point,ARTEMIS350,BEAR1,865.55,None,-158.1,+47.6,0.48
2019-05-13T01:55:54,18863,SKYDIP,skydip,ARTEMIS450,BEAR1,666.2,None,-157.9,+81.9,0.48
2019-05-13T01:55:54,18863,SKYDIP,skydip,ARTEMIS350,BEAR1,865.55,None,-157.9,+81.9,0.48
2019-05-13T01:59:42,18864,NGC3603-mos,raster,ARTEMIS450,BEAR1,666.2,None,-163.1,+48.2,0.46
2019-05-13T01:59:42,18864,NGC3603-mos,raster,ARTEMIS350,BEAR1,865.55,None,-163.1,+48.2,0.46
2019-05-13T02:44:49,18865,Carina,point,ARTEMIS450,BEAR1,666.2,None,-152.4,+42.8,0.44
2019-05-13T02:44:49,18865,Carina,point,ARTEMIS350,BEAR1,865.55,None,-152.4,+42.8,0.44
2019-05-13T02:46:18,18866,NGC3603-mos,otf,ARTEMIS450,BEAR1,666.2,None,-157.1,+44.5,0.44
2019-05-13T02:46:18,18866,NGC3603-mos,otf,ARTEMIS350,BEAR1,865.55,None,-157.1,+44.5,0.44
2019-05-13T03:20:50,18867,Carina,point,ARTEMIS450,BEAR1,666.2,None,-149.6,+38.7,0.42
2019-05-13T03:20:50,18867,Carina,point,ARTEMIS350,BEAR1,865.55,None,-149.6,+38.7,0.42
2019-05-13T03:22:59,18868,NGC3603-mos,otf,ARTEMIS450,BEAR1,666.2,None,-153.6,+40.9,0.42
2019-05-13T03:22:59,18868,NGC3603-mos,otf,ARTEMIS350,BEAR1,865.55,None,-153.6,+40.9,0.42
2019-05-13T03:52:09,18869,Carina,point,ARTEMIS450,BEAR1,666.2,None,-148.1,+35.0,0.40
2019-05-13T03:52:09,18869,Carina,point,ARTEMIS350,BEAR1,865.55,None,-148.1,+35.0,0.40
2019-05-13T03:53:37,18870,SKYDIP,skydip,ARTEMIS450,BEAR1,666.2,None,-148.0,+81.9,0.39
2019-05-13T03:53:37,18870,SKYDIP,skydip,ARTEMIS350,BEAR1,865.55,None,-148.0,+81.9,0.39
2019-05-13T03:57:29,18871,NGC3603-mos,otf,ARTEMIS450,BEAR1,666.2,None,-151.2,+37.2,0.39
2019-05-13T03:57:29,18871,NGC3603-mos,otf,ARTEMIS350,BEAR1,865.55,None,-151.2,+37.2,0.39
2019-05-13T04:43:34,18872,N/A,load,ARTEMIS450,BEAR1,666.2,None,-149.2,+32.5,0.38
2019-05-13T04:43:34,18872,N/A,load,ARTEMIS350,BEAR1,865.55,None,-149.2,+32.5,0.38
2019-05-13T04:44:52,18873,N/A,load,ARTEMIS450,BEAR1,666.2,None,-149.2,+32.5,0.39
2019-05-13T04:44:52,18873,N/A,load,ARTEMIS350,BEAR1,865.55,None,-149.2,+32.5,0.39
2019-05-13T04:46:13,18874,ARP220,go,ARTEMIS450,BEAR1,666.2,None,-0.8,+43.6,0.39
2019-05-13T04:46:13,18874,ARP220,go,ARTEMIS350,BEAR1,865.55,None,-0.8,+43.6,0.39
2019-05-13T04:46:48,18875,G5.89,point,ARTEMIS450,BEAR1,666.2,None,+99.1,+57.3,0.39
2019-05-13T04:46:48,18875,G5.89,point,ARTEMIS350,BEAR1,865.55,None,+99.1,+57.3,0.39
2019-05-13T04:48:03,18876,G10.62,point,ARTEMIS450,BEAR1,666.2,None,+92.4,+54.6,0.41
2019-05-13T04:48:03,18876,G10.62,point,ARTEMIS350,BEAR1,865.55,None,+92.4,+54.6,0.41
2019-05-13T04:49:33,18877,SKYDIP,skydip,ARTEMIS450,BEAR1,666.2,None,+92.3,+81.9,0.42
2019-05-13T04:49:33,18877,SKYDIP,skydip,ARTEMIS350,BEAR1,865.55,None,+92.3,+81.9,0.42
2019-05-13T04:53:53,18878,M16F,otf,ARTEMIS450,BEAR1,666.2,None,+82.6,+52.4,0.42
2019-05-13T04:53:53,18878,M16F,otf,ARTEMIS350,BEAR1,865.55,None,+82.6,+52.4,0.42
2019-05-13T05:17:44,18879,M16F,otf,ARTEMIS450,BEAR1,666.2,None,+79.1,+57.8,0.39
2019-05-13T05:17:44,18879,M16F,otf,ARTEMIS350,BEAR1,865.55,None,+79.1,+57.8,0.39
2019-05-13T05:45:52,18880,G5.89,raster,ARTEMIS450,BEAR1,666.2,None,+97.3,+70.8,0.37
2019-05-13T05:45:52,18880,G5.89,raster,ARTEMIS350,BEAR1,865.55,None,+97.3,+70.8,0.37
2019-05-13T05:46:51,18881,G5.89,point,ARTEMIS450,BEAR1,666.2,None,+97.3,+71.0,0.37
2019-05-13T05:46:51,18881,G5.89,point,ARTEMIS350,BEAR1,865.55,None,+97.3,+71.0,0.37
2019-05-13T05:47:50,18882,G10.62,point,ARTEMIS450,BEAR1,666.2,None,+86.2,+68.4,0.36
2019-05-13T05:47:50,18882,G10.62,point,ARTEMIS350,BEAR1,865.55,None,+86.2,+68.4,0.36
2019-05-13T05:49:08,18883,G10.62,Z-Focus,ARTEMIS450,BEAR1,666.2,None,+86.0,+68.7,0.36
2019-05-13T05:49:08,18883,G10.62,Z-Focus,ARTEMIS350,BEAR1,865.55,None,+86.0,+68.7,0.36
2019-05-13T05:52:46,18884,SKYDIP,skydip,ARTEMIS450,BEAR1,666.2,None,+85.5,+81.9,0.35
2019-05-13T05:52:46,18884,SKYDIP,skydip,ARTEMIS350,BEAR1,865.55,None,+85.5,+81.9,0.35
2019-05-13T05:56:58,18885,M16F,otf,ARTEMIS450,BEAR1,666.2,None,+71.1,+66.5,0.36
2019-05-13T05:56:58,18885,M16F,otf,ARTEMIS350,BEAR1,865.55,None,+71.1,+66.5,0.36
2019-05-13T06:25:09,18886,G34.3,point,ARTEMIS450,BEAR1,666.2,None,+47.5,+56.1,0.30
2019-05-13T06:25:09,18886,G34.3,point,ARTEMIS350,BEAR1,865.55,None,+47.5,+56.1,0.30
2019-05-13T06:26:45,18887,M16J,otf,ARTEMIS450,BEAR1,666.2,None,+59.8,+72.8,0.29
2019-05-13T06:26:45,18887,M16J,otf,ARTEMIS350,BEAR1,865.55,None,+59.8,+72.8,0.29
2019-05-13T06:44:38,18888,M16J,otf,ARTEMIS450,BEAR1,666.2,None,+49.4,+76.2,0.29
2019-05-13T06:44:38,18888,M16J,otf,ARTEMIS350,BEAR1,865.55,None,+49.4,+76.2,0.29
2019-05-13T07:05:21,18889,G45.1,point,ARTEMIS450,BEAR1,666.2,None,+31.0,+51.3,0.29
2019-05-13T07:05:21,18889,G45.1,point,ARTEMIS350,BEAR1,865.55,None,+31.0,+51.3,0.29
2019-05-13T07:06:28,18890,G34.3,point,ARTEMIS450,BEAR1,666.2,None,+31.0,+62.2,0.30
2019-05-13T07:06:28,18890,G34.3,point,ARTEMIS350,BEAR1,865.55,None,+31.0,+62.2,0.30
2019-05-13T07:07:40,18891,SKYDIP,skydip,ARTEMIS450,BEAR1,666.2,None,+30.5,+81.9,0.30
2019-05-13T07:07:40,18891,SKYDIP,skydip,ARTEMIS350,BEAR1,865.55,None,+30.5,+81.9,0.30
2019-05-13T07:11:25,18892,M16J,otf,ARTEMIS450,BEAR1,666.2,None,+23.7,+79.9,0.31
2019-05-13T07:11:25,18892,M16J,otf,ARTEMIS350,BEAR1,865.55,None,+23.7,+79.9,0.31
2019-05-13T07:12:18,18893,SKYDIP,skydip,ARTEMIS450,BEAR1,666.2,None,+22.8,+79.7,0.29
2019-05-13T07:12:18,18893,SKYDIP,skydip,ARTEMIS350,BEAR1,865.55,None,+22.8,+79.7,0.29
2019-05-13T07:12:46,18894,SKYDIP,skydip,ARTEMIS450,BEAR1,666.2,None,+22.8,+81.9,0.29
2019-05-13T07:12:46,18894,SKYDIP,skydip,ARTEMIS350,BEAR1,865.55,None,+22.8,+81.9,0.29
2019-05-13T07:16:59,18895,M16J,otf,ARTEMIS450,BEAR1,666.2,None,+16.3,+80.3,0.28
2019-05-13T07:16:59,18895,M16J,otf,ARTEMIS350,BEAR1,865.55,None,+16.3,+80.3,0.28
2019-05-13T07:35:49,18896,G34.3,point,ARTEMIS450,BEAR1,666.2,None,+15.6,+64.9,0.27
2019-05-13T07:35:49,18896,G34.3,point,ARTEMIS350,BEAR1,865.55,None,+15.6,+64.9,0.27
2019-05-13T07:37:26,18897,M16K,otf,ARTEMIS450,BEAR1,666.2,None,-15.2,+80.2,0.27
2019-05-13T07:37:26,18897,M16K,otf,ARTEMIS350,BEAR1,865.55,None,-15.2,+80.2,0.27
2019-05-13T07:59:56,18898,G45.1,point,ARTEMIS450,BEAR1,666.2,None,+9.6,+55.7,0.25
2019-05-13T07:59:56,18898,G45.1,point,ARTEMIS350,BEAR1,865.55,None,+9.6,+55.7,0.25
2019-05-13T08:01:01,18899,G34.3,point,ARTEMIS450,BEAR1,666.2,None,+0.6,+65.7,0.26
2019-05-13T08:01:01,18899,G34.3,point,ARTEMIS350,BEAR1,865.55,None,+0.6,+65.7,0.26
2019-05-13T08:02:34,18900,SKYDIP,skydip,ARTEMIS450,BEAR1,666.2,None,-0.2,+81.9,0.25
2019-05-13T08:02:34,18900,SKYDIP,skydip,ARTEMIS350,BEAR1,865.55,None,-0.2,+81.9,0.25
2019-05-13T08:06:48,18901,M16K,otf,ARTEMIS450,BEAR1,666.2,None,-46.7,+76.8,0.25
2019-05-13T08:06:48,18901,M16K,otf,ARTEMIS350,BEAR1,865.55,None,-46.7,+76.8,0.25
2019-05-13T08:23:08,18902,M16K,otf,ARTEMIS450,BEAR1,666.2,None,-57.1,+73.8,0.25
2019-05-13T08:23:08,18902,M16K,otf,ARTEMIS350,BEAR1,865.55,None,-57.1,+73.8,0.25
2019-05-13T08:47:59,18903,G5.89,point,ARTEMIS450,BEAR1,666.2,None,-97.6,+67.4,0.24
2019-05-13T08:47:59,18903,G5.89,point,ARTEMIS350,BEAR1,865.55,None,-97.6,+67.4,0.24
2019-05-13T08:49:01,18904,G10.62,point,ARTEMIS450,BEAR1,666.2,None,-85.9,+68.9,0.24
2019-05-13T08:49:01,18904,G10.62,point,ARTEMIS350,BEAR1,865.55,None,-85.9,+68.9,0.24
2019-05-13T08:50:14,18905,G10.62,Z-Focus,ARTEMIS450,BEAR1,666.2,None,-86.0,+68.6,0.25
2019-05-13T08:50:14,18905,G10.62,Z-Focus,ARTEMIS350,BEAR1,865.55,None,-86.0,+68.6,0.25
2019-05-13T08:53:53,18906,SKYDIP,skydip,ARTEMIS450,BEAR1,666.2,None,-86.5,+81.9,0.24
2019-05-13T08:53:53,18906,SKYDIP,skydip,ARTEMIS350,BEAR1,865.55,None,-86.5,+81.9,0.24
2019-05-13T08:57:34,18907,M16L,otf,ARTEMIS450,BEAR1,666.2,None,-70.7,+66.4,0.24
2019-05-13T08:57:34,18907,M16L,otf,ARTEMIS350,BEAR1,865.55,None,-70.7,+66.4,0.24
2019-05-13T09:26:13,18908,M16L,otf,ARTEMIS450,BEAR1,666.2,None,-76.9,+60.3,0.24
2019-05-13T09:26:13,18908,M16L,otf,ARTEMIS350,BEAR1,865.55,None,-76.9,+60.3,0.24
2019-05-13T09:55:05,18909,G10.62,point,ARTEMIS450,BEAR1,666.2,None,-92.7,+53.7,0.22
2019-05-13T09:55:05,18909,G10.62,point,ARTEMIS350,BEAR1,865.55,None,-92.7,+53.7,0.22
2019-05-13T09:56:50,18910,Neptune,point,ARTEMIS450,BEAR1,666.2,None,+69.8,+50.1,0.22
2019-05-13T09:56:50,18910,Neptune,point,ARTEMIS350,BEAR1,865.55,None,+69.8,+50.1,0.22
2019-05-13T09:58:25,18911,M16M,otf,ARTEMIS450,BEAR1,666.2,None,-82.2,+52.9,0.22
2019-05-13T09:58:25,18911,M16M,otf,ARTEMIS350,BEAR1,865.55,None,-82.2,+52.9,0.22
2019-05-13T10:25:17,18912,M16M,otf,ARTEMIS450,BEAR1,666.2,None,-85.7,+47.0,0.21
2019-05-13T10:25:17,18912,M16M,otf,ARTEMIS350,BEAR1,865.55,None,-85.7,+47.0,0.21
2019-05-13T10:51:03,18913,G10.62,point,ARTEMIS450,BEAR1,666.2,None,-97.0,+40.8,0.20
2019-05-13T10:51:03,18913,G10.62,point,ARTEMIS350,BEAR1,865.55,None,-97.0,+40.8,0.20
2019-05-13T10:52:33,18914,G10.62,Z-Focus,ARTEMIS450,BEAR1,666.2,None,-97.2,+40.5,0.20
2019-05-13T10:52:33,18914,G10.62,Z-Focus,ARTEMIS350,BEAR1,865.55,None,-97.2,+40.5,0.20
2019-05-13T10:56:37,18915,G5.89,point,ARTEMIS450,BEAR1,666.2,None,-103.3,+38.2,0.20
2019-05-13T10:56:37,18915,G5.89,point,ARTEMIS350,BEAR1,865.55,None,-103.3,+38.2,0.20
2019-05-13T10:57:58,18916,G10.62,point,ARTEMIS450,BEAR1,666.2,None,-97.5,+39.2,0.20
2019-05-13T10:57:58,18916,G10.62,point,ARTEMIS350,BEAR1,865.55,None,-97.5,+39.2,0.20
2019-05-13T10:59:14,18917,Neptune,point,ARTEMIS450,BEAR1,666.2,None,+53.2,+62.9,0.20
2019-05-13T10:59:14,18917,Neptune,point,ARTEMIS350,BEAR1,865.55,None,+53.2,+62.9,0.20
2019-05-13T11:00:36,18918,M16N,otf,ARTEMIS450,BEAR1,666.2,None,-89.5,+38.5,0.20
2019-05-13T11:00:36,18918,M16N,otf,ARTEMIS350,BEAR1,865.55,None,-89.5,+38.5,0.20
2019-05-13T11:14:05,18919,M16N,otf,ARTEMIS450,BEAR1,666.2,None,-90.7,+35.5,0.20
2019-05-13T11:14:05,18919,M16N,otf,ARTEMIS350,BEAR1,865.55,None,-90.7,+35.5,0.20
2019-05-13T11:27:15,18920,G10.62,point,ARTEMIS450,BEAR1,666.2,None,-99.7,+32.6,0.20
2019-05-13T11:27:15,18920,G10.62,point,ARTEMIS350,BEAR1,865.55,None,-99.7,+32.6,0.20
2019-05-13T11:28:27,18921,M16I,otf,ARTEMIS450,BEAR1,666.2,None,-92.2,+32.2,0.20
2019-05-13T11:28:27,18921,M16I,otf,ARTEMIS350,BEAR1,865.55,None,-92.2,+32.2,0.20
2019-05-13T11:41:44,18922,M16I,otf,ARTEMIS450,BEAR1,666.2,None,-93.5,+29.2,0.20
2019-05-13T11:41:44,18922,M16I,otf,ARTEMIS350,BEAR1,865.55,None,-93.5,+29.2,0.20
2019-05-13T11:54:12,18923,G10.62,point,ARTEMIS450,BEAR1,666.2,None,-101.7,+26.5,0.19
2019-05-13T11:54:12,18923,G10.62,point,ARTEMIS350,BEAR1,865.55,None,-101.7,+26.5,0.19
2019-05-13T11:55:18,18924,SKYDIP,skydip,ARTEMIS450,BEAR1,666.2,None,-100.0,+81.9,0.19
2019-05-13T11:55:18,18924,SKYDIP,skydip,ARTEMIS350,BEAR1,865.55,None,-100.0,+81.9,0.19
2019-05-13T11:59:13,18925,Neptune,point,ARTEMIS450,BEAR1,666.2,None,+20.8,+71.4,0.19
2019-05-13T11:59:13,18925,Neptune,point,ARTEMIS350,BEAR1,865.55,None,+20.8,+71.4,0.19
2019-05-14T10:36:05,19256,Neptune,point,ARTEMIS450,BEAR1,666.2,None,+59.6,+59.1,0.50
2019-05-14T10:36:05,19256,Neptune,point,ARTEMIS350,BEAR1,865.55,None,+59.6,+59.1,0.50
2019-05-14T10:37:47,19257,Neptune,Z-Focus,ARTEMIS450,BEAR1,666.2,None,+59.2,+59.4,0.50
2019-05-14T10:37:47,19257,Neptune,Z-Focus,ARTEMIS350,BEAR1,865.55,None,+59.2,+59.4,0.50
2019-05-14T10:41:27,19258,Neptune,Y-Focus,ARTEMIS450,BEAR1,666.2,None,+58.1,+60.1,0.48
2019-05-14T10:41:27,19258,Neptune,Y-Focus,ARTEMIS350,BEAR1,865.55,None,+58.1,+60.1,0.48
2019-05-14T10:45:38,19259,Neptune,X-Focus,ARTEMIS450,BEAR1,666.2,None,+56.8,+60.9,0.48
2019-05-14T10:45:38,19259,Neptune,X-Focus,ARTEMIS350,BEAR1,865.55,None,+56.8,+60.9,0.48
2019-05-14T10:49:23,19260,Neptune,X-Focus,ARTEMIS450,BEAR1,666.2,None,+55.5,+61.6,0.48
2019-05-14T10:49:23,19260,Neptune,X-Focus,ARTEMIS350,BEAR1,865.55,None,+55.5,+61.6,0.48
2019-05-14T10:53:14,19261,Neptune,X-Focus,ARTEMIS450,BEAR1,666.2,None,+54.2,+62.4,0.48
2019-05-14T10:53:14,19261,Neptune,X-Focus,ARTEMIS350,BEAR1,865.55,None,+54.2,+62.4,0.48
2019-05-14T10:57:26,19262,Neptune,X-Focus,ARTEMIS450,BEAR1,666.2,None,+52.6,+63.1,0.46
2019-05-14T10:57:26,19262,Neptune,X-Focus,ARTEMIS350,BEAR1,865.55,None,+52.6,+63.1,0.46
2019-05-14T10:58:00,19263,Neptune,X-Focus,ARTEMIS450,BEAR1,666.2,None,+52.4,+63.3,0.46
2019-05-14T10:58:00,19263,Neptune,X-Focus,ARTEMIS350,BEAR1,865.55,None,+52.4,+63.3,0.46
2019-05-14T11:01:42,19264,Neptune,Y-Focus,ARTEMIS450,BEAR1,666.2,None,+51.0,+63.9,0.47
2019-05-14T11:01:42,19264,Neptune,Y-Focus,ARTEMIS350,BEAR1,865.55,None,+51.0,+63.9,0.47
2019-05-14T11:05:32,19265,Neptune,point,ARTEMIS450,BEAR1,666.2,None,+49.4,+64.6,0.48
2019-05-14T11:05:32,19265,Neptune,point,ARTEMIS350,BEAR1,865.55,None,+49.4,+64.6,0.48
2019-05-14T11:09:04,19266,G5.89,point,ARTEMIS450,BEAR1,666.2,None,-104.3,+34.4,0.46
2019-05-14T11:09:04,19266,G5.89,point,ARTEMIS350,BEAR1,865.55,None,-104.3,+34.4,0.46
2019-05-14T11:12:36,19267,ACT_1904-560,go,ARTEMIS450,BEAR1,666.2,None,-146.8,+43.0,0.52
2019-05-14T11:12:36,19267,ACT_1904-560,go,ARTEMIS350,BEAR1,865.55,None,-146.8,+43.0,0.52
2019-05-14T11:12:54,19268,SKYDIP,skydip,ARTEMIS450,BEAR1,666.2,None,-146.0,+81.9,0.52
2019-05-14T11:12:54,19268,SKYDIP,skydip,ARTEMIS350,BEAR1,865.55,None,-146.0,+81.9,0.52
2019-05-14T11:16:53,19269,ACT_1904-560,raster,ARTEMIS450,BEAR1,666.2,None,-146.5,+42.4,0.50
2019-05-14T11:16:53,19269,ACT_1904-560,raster,ARTEMIS350,BEAR1,865.55,None,-146.5,+42.4,0.50
2019-05-14T11:48:16,19270,ACT_1904-560,raster,ARTEMIS450,BEAR1,666.2,None,-144.5,+38.3,0.48
2019-05-14T11:48:16,19270,ACT_1904-560,raster,ARTEMIS350,BEAR1,865.55,None,-144.5,+38.3,0.48
2019-05-14T12:20:04,19271,SKYDIP,skydip,ARTEMIS450,BEAR1,666.2,None,-143.0,+81.9,0.43
2019-05-14T12:20:04,19271,SKYDIP,skydip,ARTEMIS350,BEAR1,865.55,None,-143.0,+81.9,0.43
2019-05-14T12:24:15,19272,Saturn,point,ARTEMIS450,BEAR1,666.2,None,-100.5,+36.3,0.42
2019-05-14T12:24:15,19272,Saturn,point,ARTEMIS350,BEAR1,865.55,None,-100.5,+36.3,0.42
2019-05-14T12:27:25,19273,Neptune,point,ARTEMIS450,BEAR1,666.2,None,-4.9,+72.5,0.41
2019-05-14T12:27:25,19273,Neptune,point,ARTEMIS350,BEAR1,865.55,None,-4.9,+72.5,0.41
2019-05-14T12:30:25,19274,ACT_1904-560,raster,ARTEMIS450,BEAR1,666.2,None,-143.0,+32.5,0.40
2019-05-14T12:30:25,19274,ACT_1904-560,raster,ARTEMIS350,BEAR1,865.55,None,-143.0,+32.5,0.40
2019-05-14T13:01:52,19275,ACT_1904-560,raster,ARTEMIS450,BEAR1,666.2,None,-142.7,+28.2,0.36
2019-05-14T13:01:52,19275,ACT_1904-560,raster,ARTEMIS350,BEAR1,865.55,None,-142.7,+28.2,0.36
2019-05-14T13:32:54,19276,SKYDIP,skydip,ARTEMIS450,BEAR1,666.2,None,-142.7,+81.9,0.39
2019-05-14T13:32:54,19276,SKYDIP,skydip,ARTEMIS350,BEAR1,865.55,None,-142.7,+81.9,0.39
2019-05-14T13:36:56,19277,SKYDIP,skydip,ARTEMIS450,BEAR1,666.2,None,-142.7,+81.9,0.36
2019-05-14T13:36:56,19277,SKYDIP,skydip,ARTEMIS350,BEAR1,865.55,None,-142.7,+81.9,0.36
2019-05-14T13:40:57,19278,Neptune,point,ARTEMIS450,BEAR1,666.2,None,-50.7,+64.0,0.33
2019-05-14T13:40:57,19278,Neptune,point,ARTEMIS350,BEAR1,865.55,None,-50.7,+64.0,0.33
2019-05-14T13:45:32,19279,Neptune,point,ARTEMIS450,BEAR1,666.2,None,-52.4,+63.3,0.34
2019-05-14T13:45:32,19279,Neptune,point,ARTEMIS350,BEAR1,865.55,None,-52.4,+63.3,0.34
